-- (v) 취미 정보 추가 ----------------------------------------
INSERT INTO alto_hobby VALUES ('hm000001','창작');
INSERT INTO alto_hobby VALUES ('hm000002','액티비티');
INSERT INTO alto_hobby VALUES ('hm000003','아웃도어');
INSERT INTO alto_hobby VALUES ('hm000004','요리');
INSERT INTO alto_hobby VALUES ('hm000005','게임');
INSERT INTO alto_hobby VALUES ('hm000006','음악');
INSERT INTO alto_hobby VALUES ('hm000007','문화');
INSERT INTO alto_hobby VALUES ('hm000008','여행');
INSERT INTO alto_hobby VALUES ('hm000009','봉사');
INSERT INTO alto_hobby VALUES ('hm000010','사진/영상');
INSERT INTO alto_hobby VALUES ('hm000011','직무/커리어');
INSERT INTO alto_hobby VALUES ('hm000012','차/오토바이');
INSERT INTO alto_hobby VALUES ('hm000013','반려동물');
INSERT INTO alto_hobby VALUES ('hm000014','수집');
INSERT INTO alto_hobby VALUES ('hm000015','자유주제');


-- (v) 소분류 취미 정보 추가 ----------------------------------
INSERT INTO alto_hobby_sub VALUES ('hs010000','hm000001','없음');
INSERT INTO alto_hobby_sub VALUES ('hs010001','hm000001','드로잉');
INSERT INTO alto_hobby_sub VALUES ('hs010002','hm000001','플라워아트');
INSERT INTO alto_hobby_sub VALUES ('hs010003','hm000001','캘리그라피');
INSERT INTO alto_hobby_sub VALUES ('hs010004','hm000001','뜨개/자수');
INSERT INTO alto_hobby_sub VALUES ('hs010005','hm000001','도예');
INSERT INTO alto_hobby_sub VALUES ('hs010006','hm000001','캔들/디퓨저');
INSERT INTO alto_hobby_sub VALUES ('hs010007','hm000001','비누/화장품');
INSERT INTO alto_hobby_sub VALUES ('hs010008','hm000001','목공/라탄');
INSERT INTO alto_hobby_sub VALUES ('hs010009','hm000001','가죽공예');
INSERT INTO alto_hobby_sub VALUES ('hs010010','hm000001','악세사리/레진');
INSERT INTO alto_hobby_sub VALUES ('hs010011','hm000001','메이크업/네일');
INSERT INTO alto_hobby_sub VALUES ('hs010012','hm000001','키덜트/프라모델');
INSERT INTO alto_hobby_sub VALUES ('hs010013','hm000001','기타');

INSERT INTO alto_hobby_sub VALUES ('hs020000','hm000002','없음');
INSERT INTO alto_hobby_sub VALUES ('hs020001','hm000002','헬스/PT/GX');
INSERT INTO alto_hobby_sub VALUES ('hs020002','hm000002','요가/필라테스');
INSERT INTO alto_hobby_sub VALUES ('hs020003','hm000002','러닝');
INSERT INTO alto_hobby_sub VALUES ('hs020004','hm000002','자전거');
INSERT INTO alto_hobby_sub VALUES ('hs020005','hm000002','댄스/무용');
INSERT INTO alto_hobby_sub VALUES ('hs020006','hm000002','클라이밍');
INSERT INTO alto_hobby_sub VALUES ('hs020007','hm000002','스쿠버다이빙/수영');
INSERT INTO alto_hobby_sub VALUES ('hs020008','hm000002','스키/보드');
INSERT INTO alto_hobby_sub VALUES ('hs020009','hm000002','야외스포츠');
INSERT INTO alto_hobby_sub VALUES ('hs020010','hm000002','구기스포츠');
INSERT INTO alto_hobby_sub VALUES ('hs020011','hm000002','실내스포츠');

INSERT INTO alto_hobby_sub VALUES ('hs030000','hm000003','없음');
INSERT INTO alto_hobby_sub VALUES ('hs030001','hm000003','등산');
INSERT INTO alto_hobby_sub VALUES ('hs030002','hm000003','캠핑/백패킹');
INSERT INTO alto_hobby_sub VALUES ('hs030003','hm000003','낚시');
INSERT INTO alto_hobby_sub VALUES ('hs030004','hm000003','트래킹');

INSERT INTO alto_hobby_sub VALUES ('hs040000','hm000004','없음');
INSERT INTO alto_hobby_sub VALUES ('hs040001','hm000004','나라별');
INSERT INTO alto_hobby_sub VALUES ('hs040002','hm000004','베이킹');
INSERT INTO alto_hobby_sub VALUES ('hs040003','hm000004','와인');
INSERT INTO alto_hobby_sub VALUES ('hs040004','hm000004','커피/티');
INSERT INTO alto_hobby_sub VALUES ('hs040005','hm000004','주류');
INSERT INTO alto_hobby_sub VALUES ('hs040006','hm000004','펫푸드');

INSERT INTO alto_hobby_sub VALUES ('hs050000','hm000005','없음');
INSERT INTO alto_hobby_sub VALUES ('hs050001','hm000005','온라인게임');
INSERT INTO alto_hobby_sub VALUES ('hs050002','hm000005','보드게임');

INSERT INTO alto_hobby_sub VALUES ('hs060000','hm000006','없음');
INSERT INTO alto_hobby_sub VALUES ('hs060001','hm000006','보컬');
INSERT INTO alto_hobby_sub VALUES ('hs060002','hm000006','기타');
INSERT INTO alto_hobby_sub VALUES ('hs060003','hm000006','드럼');
INSERT INTO alto_hobby_sub VALUES ('hs060004','hm000006','피아노');
INSERT INTO alto_hobby_sub VALUES ('hs060005','hm000006','그외 악기연주');
INSERT INTO alto_hobby_sub VALUES ('hs060006','hm000006','밴드/합주');
INSERT INTO alto_hobby_sub VALUES ('hs060007','hm000006','작사/작곡');
INSERT INTO alto_hobby_sub VALUES ('hs060008','hm000006','클래식');
INSERT INTO alto_hobby_sub VALUES ('hs060009','hm000006','재즈');
INSERT INTO alto_hobby_sub VALUES ('hs060010','hm000006','랩/힙합/DJ');
INSERT INTO alto_hobby_sub VALUES ('hs060011','hm000006','그외 장르');

INSERT INTO alto_hobby_sub VALUES ('hs070000','hm000007','없음');
INSERT INTO alto_hobby_sub VALUES ('hs070001','hm000007','공연');
INSERT INTO alto_hobby_sub VALUES ('hs070002','hm000007','전시');
INSERT INTO alto_hobby_sub VALUES ('hs070003','hm000007','영화');
INSERT INTO alto_hobby_sub VALUES ('hs070004','hm000007','도서');
INSERT INTO alto_hobby_sub VALUES ('hs070005','hm000007','파티/페스티벌');
INSERT INTO alto_hobby_sub VALUES ('hs070006','hm000007','연극/공연제작');

INSERT INTO alto_hobby_sub VALUES ('hs080000','hm000008','없음');
INSERT INTO alto_hobby_sub VALUES ('hs080001','hm000008','국내');
INSERT INTO alto_hobby_sub VALUES ('hs080002','hm000008','해외');
INSERT INTO alto_hobby_sub VALUES ('hs080003','hm000008','맛집/명소');
INSERT INTO alto_hobby_sub VALUES ('hs080004','hm000008','패키지');
INSERT INTO alto_hobby_sub VALUES ('hs080005','hm000008','정보공유');

INSERT INTO alto_hobby_sub VALUES ('hs090000','hm000009','없음');
INSERT INTO alto_hobby_sub VALUES ('hs090001','hm000009','양로원');
INSERT INTO alto_hobby_sub VALUES ('hs090002','hm000009','보육원');
INSERT INTO alto_hobby_sub VALUES ('hs090003','hm000009','환경');
INSERT INTO alto_hobby_sub VALUES ('hs090004','hm000009','사회');
INSERT INTO alto_hobby_sub VALUES ('hs090005','hm000009','재능기부');
INSERT INTO alto_hobby_sub VALUES ('hs090006','hm000009','유기동물보호');

INSERT INTO alto_hobby_sub VALUES ('hs100000','hm000010','없음');
INSERT INTO alto_hobby_sub VALUES ('hs100001','hm000010','DSLR');
INSERT INTO alto_hobby_sub VALUES ('hs100002','hm000010','필름카메라');
INSERT INTO alto_hobby_sub VALUES ('hs100003','hm000010','디지털카메라');
INSERT INTO alto_hobby_sub VALUES ('hs100004','hm000010','영상제작');

INSERT INTO alto_hobby_sub VALUES ('hs110000','hm000011','없음');
INSERT INTO alto_hobby_sub VALUES ('hs110001','hm000011','직군모임');
INSERT INTO alto_hobby_sub VALUES ('hs110002','hm000011','스피치/발성');
INSERT INTO alto_hobby_sub VALUES ('hs110003','hm000011','시험/자격증');
INSERT INTO alto_hobby_sub VALUES ('hs110004','hm000011','취업스터디');
INSERT INTO alto_hobby_sub VALUES ('hs110005','hm000011','어학스터디');
INSERT INTO alto_hobby_sub VALUES ('hs110006','hm000011','기타');

INSERT INTO alto_hobby_sub VALUES ('hs120000','hm000012','없음');
INSERT INTO alto_hobby_sub VALUES ('hs120001','hm000012','현대');
INSERT INTO alto_hobby_sub VALUES ('hs120002','hm000012','기아');
INSERT INTO alto_hobby_sub VALUES ('hs120003','hm000012','르노');
INSERT INTO alto_hobby_sub VALUES ('hs120004','hm000012','GM');
INSERT INTO alto_hobby_sub VALUES ('hs120005','hm000012','쌍용');
INSERT INTO alto_hobby_sub VALUES ('hs120006','hm000012','일본차');
INSERT INTO alto_hobby_sub VALUES ('hs120007','hm000012','미국차');
INSERT INTO alto_hobby_sub VALUES ('hs120008','hm000012','유럽차');
INSERT INTO alto_hobby_sub VALUES ('hs120009','hm000012','바이크');

INSERT INTO alto_hobby_sub VALUES ('hs130000','hm000013','없음');
INSERT INTO alto_hobby_sub VALUES ('hs130001','hm000013','강아지');
INSERT INTO alto_hobby_sub VALUES ('hs130002','hm000013','고양이');
INSERT INTO alto_hobby_sub VALUES ('hs130003','hm000013','물고기');
INSERT INTO alto_hobby_sub VALUES ('hs130004','hm000013','조류');
INSERT INTO alto_hobby_sub VALUES ('hs130005','hm000013','파충류');
INSERT INTO alto_hobby_sub VALUES ('hs130006','hm000013','포유류');
INSERT INTO alto_hobby_sub VALUES ('hs130007','hm000013','기타');

INSERT INTO alto_hobby_sub VALUES ('hs140000','hm000014','없음');
INSERT INTO alto_hobby_sub VALUES ('hs140001','hm000014','동전/화폐');
INSERT INTO alto_hobby_sub VALUES ('hs140002','hm000014','우표');
INSERT INTO alto_hobby_sub VALUES ('hs140003','hm000014','피규어/장난감');
INSERT INTO alto_hobby_sub VALUES ('hs140004','hm000014','DP/LP');
INSERT INTO alto_hobby_sub VALUES ('hs140005','hm000014','운동화');
INSERT INTO alto_hobby_sub VALUES ('hs140006','hm000014','스티커/굿즈');
INSERT INTO alto_hobby_sub VALUES ('hs140007','hm000014','출판물');
INSERT INTO alto_hobby_sub VALUES ('hs140008','hm000014','기타');

INSERT INTO alto_hobby_sub VALUES ('hs150000','hm000015','없음');

-- (v) 지역 정보 추가  -----------------------------------------
INSERT INTO ALTO_AREA VALUES ('area0001','온라인');
INSERT INTO ALTO_AREA VALUES ('area0002','강남구');
INSERT INTO ALTO_AREA VALUES ('area0003','강동구');
INSERT INTO ALTO_AREA VALUES ('area0004','강북구');
INSERT INTO ALTO_AREA VALUES ('area0005','강서구');

INSERT INTO ALTO_AREA VALUES ('area0006','관악구');
INSERT INTO ALTO_AREA VALUES ('area0007','광진구');
INSERT INTO ALTO_AREA VALUES ('area0008','구로구');
INSERT INTO ALTO_AREA VALUES ('area0009','금천구');
INSERT INTO ALTO_AREA VALUES ('area0010','노원구');

INSERT INTO ALTO_AREA VALUES ('area0011','도봉구');
INSERT INTO ALTO_AREA VALUES ('area0012','동대문구');
INSERT INTO ALTO_AREA VALUES ('area0013','동작구');
INSERT INTO ALTO_AREA VALUES ('area0014','마포구');
INSERT INTO ALTO_AREA VALUES ('area0015','서대문구');

INSERT INTO ALTO_AREA VALUES ('area0016','서초구');
INSERT INTO ALTO_AREA VALUES ('area0017','성동구');
INSERT INTO ALTO_AREA VALUES ('area0018','성북구');
INSERT INTO ALTO_AREA VALUES ('area0019','송파구');
INSERT INTO ALTO_AREA VALUES ('area0020','양천구');

INSERT INTO ALTO_AREA VALUES ('area0021','영등포구');
INSERT INTO ALTO_AREA VALUES ('area0022','용산구');
INSERT INTO ALTO_AREA VALUES ('area0023','은평구');
INSERT INTO ALTO_AREA VALUES ('area0024','종로구');
INSERT INTO ALTO_AREA VALUES ('area0025','중구');
INSERT INTO ALTO_AREA VALUES ('area0026','중랑구');


-- (v) 모임 insert ----------------------------------------------------
INSERT INTO EZEN.ALTO_CLUB
(CLUB_CODE, TITLE, CATE_M, CATE_S, AREA_CODE, MANAGER, MEMBER_NUM, MEMBER_MAX, IMG, INTRO, REGIDATE, MEMBER_OUT)
VALUES(28, '캘리그라피스트', 'hm000001', 'hs010001', 'area0002', 'hweelu0110@gmail.com', 1, 200, '375xauto (4).webp', '캘리그라피스트가 되어 봅시다<br/>
<br/>
같이 모여서 캘리그라피 연습 하면서 대화도 하고 친해 지다보면 나도 모르게 캘리그라피스트 시간 순삭 주의...<br/>
<br/>
캘리그라피 익혀두시면 활용도가 좋습니다.', TIMESTAMP '2022-08-24 01:22:14.000000', 0);
INSERT INTO EZEN.ALTO_CLUB
(CLUB_CODE, TITLE, CATE_M, CATE_S, AREA_CODE, MANAGER, MEMBER_NUM, MEMBER_MAX, IMG, INTRO, REGIDATE, MEMBER_OUT)
VALUES(29, '::: 아무나 부담없이 크로키 :::', 'hm000001', 'hs010001', 'area0017', 'hweelu0110@gmail.com', 35, 200, '375xauto (3).webp', '2018년 4월부터 시작한 저희 소모임은<br/>
누구나 행복하게 일주일에 하루 그림을<br/>
마음 편히 그리실수 있는 소모임을 지향합니다.', TIMESTAMP '2018-04-01 00:00:00.000000', 0);
INSERT INTO EZEN.ALTO_CLUB
(CLUB_CODE, TITLE, CATE_M, CATE_S, AREA_CODE, MANAGER, MEMBER_NUM, MEMBER_MAX, IMG, INTRO, REGIDATE, MEMBER_OUT)
VALUES(51, '아트살롱 그리고그리고', 'hm000001', 'hs010001', 'area0025', 'hweelu0110@gmail.com', 220, 300, '375xauto.webp', 'Hippie hate art!<br/>어려운 예술은 가랏!<br/>예잘못+똥손 뭉쳐요!<br/>그림과 예술을 편견없이 즐기는 힘지로 예술 아지트!', TIMESTAMP '2022-05-01 00:00:00.000000', 0);
INSERT INTO EZEN.ALTO_CLUB
(CLUB_CODE, TITLE, CATE_M, CATE_S, AREA_CODE, MANAGER, MEMBER_NUM, MEMBER_MAX, IMG, INTRO, REGIDATE, MEMBER_OUT)
VALUES(32, '성수 강남 취미미술 화실', 'hm000001', 'hs010001', 'area0002', 'hweelu0110@gmail.com', 103, 200, '375xauto (1).webp', '물감아트클래스 성수<br/>
<br/>
월-금요일 저녁 7-10시 중 2시간<br/>
토요일 1-3시 / 4-6시<br/>', TIMESTAMP '2022-05-05 00:00:00.000000', 0);
INSERT INTO EZEN.ALTO_CLUB
(CLUB_CODE, TITLE, CATE_M, CATE_S, AREA_CODE, MANAGER, MEMBER_NUM, MEMBER_MAX, IMG, INTRO, REGIDATE, MEMBER_OUT)
VALUES(50, '저녁 그림 모임', 'hm000001', 'hs010001', 'area0002', 'hweelu0110@gmail.com', 31, 200, '375xauto (2).webp', '<저녁 그림 소모임 - DRAWING CLUB EVENING AFTER WORK><br/>
<br/>
새로 가입하신 분은 공지를 꼭 읽어주세요.<br/>
게시판에 간단한 자기소개를 써주세요.<br/>

', TIMESTAMP '2022-05-01 00:00:00.000000', 0);
INSERT INTO EZEN.ALTO_CLUB
(CLUB_CODE, TITLE, CATE_M, CATE_S, AREA_CODE, MANAGER, MEMBER_NUM, MEMBER_MAX, IMG, INTRO, REGIDATE, MEMBER_OUT)
VALUES(56, '그림쟁이들아 모여라', 'hm000001', 'hs010000', 'area0019', 'hweelu0110@gmail.com', 2, 200, '375xauto (5).webp', '모여서 그림 정모도 하고 <br/>
같이 그림 이야기, 전시회 관람도 하고 있어요<br/>
<br/>
많은 참여 부탁해요', TIMESTAMP '2022-09-13 22:03:56.000000', 1);
INSERT INTO EZEN.ALTO_CLUB
(CLUB_CODE, TITLE, CATE_M, CATE_S, AREA_CODE, MANAGER, MEMBER_NUM, MEMBER_MAX, IMG, INTRO, REGIDATE, MEMBER_OUT)
VALUES(39, '아로마요가', 'hm000002', 'hs020002', 'area0003', 'hweelu0110@gmail.com', 11, 200, '375xauto (6).webp', '안녕하세요<br/>
아로마테라피스트 요기로마입니다.<br/>
<br/>
우리가 주로 아로마오일이라고 부르는 것은<br/>
식물의 정유를 모은 ''에센셜오일''을 말합니다.<br/>
에센셜오일은 그 식물의 효능과 에너지를 그대로 담고 있기 때문에 <br/>
요가와 접목했을때 그 시너지가 참 좋아요
<br/>
<br/>', TIMESTAMP '2022-08-07 00:00:00.000000', 0);
INSERT INTO EZEN.ALTO_CLUB
(CLUB_CODE, TITLE, CATE_M, CATE_S, AREA_CODE, MANAGER, MEMBER_NUM, MEMBER_MAX, IMG, INTRO, REGIDATE, MEMBER_OUT)
VALUES(37, '서울 남산러닝크루 2기', 'hm000002', 'hs020003', 'area0019', 'hweelu0110@gmail.com', 100, 200, '2048xauto.webp', 'NSRC 서울 남산 Running Crew<br/>
<br/>
남산을 중심으로 함께 달리는<br/>
NamSan Running Crew', TIMESTAMP '2022-04-02 00:00:00.000000', 20);
INSERT INTO EZEN.ALTO_CLUB
(CLUB_CODE, TITLE, CATE_M, CATE_S, AREA_CODE, MANAGER, MEMBER_NUM, MEMBER_MAX, IMG, INTRO, REGIDATE, MEMBER_OUT)
VALUES(52, '캠핑클럽', 'hm000003', 'hs030000', 'area0017', 'hweelu0110@gmail.com', 6, 100, '375xauto (7).webp', '즐거운 캠핑 생활<br/>
다함께 즐겨요!!!<br/>
<br/>
신나게<br/>
즐겁게<br/>
안전하게<br/>
<br/>
야호', TIMESTAMP '2022-09-11 21:11:24.000000', 0);
INSERT INTO EZEN.ALTO_CLUB
(CLUB_CODE, TITLE, CATE_M, CATE_S, AREA_CODE, MANAGER, MEMBER_NUM, MEMBER_MAX, IMG, INTRO, REGIDATE, MEMBER_OUT)
VALUES(38, '캠.인.조 신입모집!!', 'hm000003', 'hs030002', 'area0010', 'hweelu0110@gmail.com', 111, 200, '5f2c6b6110823f3b051e3bc04f25478b.jpg', '캠.인.조(캠핑하다인생조짓네)<br/>
<br/>
2022.07.11~<br/>
<br/>
평일부터 주말까지 다양한 요일에 캠린이 찐캠퍼 구분없이 다같이 즐겁게 캠핑해요', TIMESTAMP '2022-07-11 00:00:00.000000', 21);
INSERT INTO EZEN.ALTO_CLUB
(CLUB_CODE, TITLE, CATE_M, CATE_S, AREA_CODE, MANAGER, MEMBER_NUM, MEMBER_MAX, IMG, INTRO, REGIDATE, MEMBER_OUT)
VALUES(46, '데일리커피, 카페투어 & 커피클래스', 'hm000004', 'hs040004', 'area0006', 'hweelu0110@gmail.com', 5, 200, '375xauto (9).webp', '카페투어 & 커피클래스 ', TIMESTAMP '2022-08-06 00:00:00.000000', 0);
INSERT INTO EZEN.ALTO_CLUB
(CLUB_CODE, TITLE, CATE_M, CATE_S, AREA_CODE, MANAGER, MEMBER_NUM, MEMBER_MAX, IMG, INTRO, REGIDATE, MEMBER_OUT)
VALUES(59, '요리조리 모여라', 'hm000004', 'hs040000', 'area0001', 'hweelu0110@gmail.com', 2, 200, 'class_test.jpg', '요리조리 요리하는 모임입니다.<br/>
<br/>
요리를 좋아하는 분은 언제나 환영입니다.<br/>', TIMESTAMP '2022-09-18 03:18:35.000000', 0);
INSERT INTO EZEN.ALTO_CLUB
(CLUB_CODE, TITLE, CATE_M, CATE_S, AREA_CODE, MANAGER, MEMBER_NUM, MEMBER_MAX, IMG, INTRO, REGIDATE, MEMBER_OUT)
VALUES(33, '맛집 탐방 모임', 'hm000004', 'hs040001', 'area0011', 'hweelu0110@gmail.com', 91, 200, '375xauto (8).webp', '맛집 탐방 모임<br/>
<br/>
맛집 탐험대 상시모집합니다.
', TIMESTAMP '2022-05-02 00:00:00.000000', 1);
INSERT INTO EZEN.ALTO_CLUB
(CLUB_CODE, TITLE, CATE_M, CATE_S, AREA_CODE, MANAGER, MEMBER_NUM, MEMBER_MAX, IMG, INTRO, REGIDATE, MEMBER_OUT)
VALUES(45, '어뮤징 사회인 오케스트라', 'hm000006', 'hs060008', 'area0003', 'hweelu0110@gmail.com', 3, 200, '866858ff82e9dff1024aa4a4d953e3fa.jpg', '사회인들의 오케스트라 아카데미<br/>
<br/>
어뮤징 사회인 오케스트라<br/>
<br/>
집에 모셔두었던 악기를 꺼내어 다양한 사람들과 음악안에서 소통해요', TIMESTAMP '2022-08-02 00:00:00.000000', 0);
INSERT INTO EZEN.ALTO_CLUB
(CLUB_CODE, TITLE, CATE_M, CATE_S, AREA_CODE, MANAGER, MEMBER_NUM, MEMBER_MAX, IMG, INTRO, REGIDATE, MEMBER_OUT)
VALUES(34, '음치? 내가 싹 다 고쳐줄게', 'hm000006', 'hs060001', 'area0018', 'hweelu0110@gmail.com', 40, 200, '375xauto (10).webp', '음치교정 전문 보컬 레슨입니다.<br/>
<br/>
나는 음치라 안될거야..<br/>
노래 잘하는 애들은 다 타고난거야..<br/>
놉!!!<br/>
회식자리, 연인 앞에서, 친구들끼리 노래방 갔을 때<br/>
노래 한곡이라도 제대로 불러보고 싶다!', TIMESTAMP '2022-04-20 00:00:00.000000', 0);
INSERT INTO EZEN.ALTO_CLUB
(CLUB_CODE, TITLE, CATE_M, CATE_S, AREA_CODE, MANAGER, MEMBER_NUM, MEMBER_MAX, IMG, INTRO, REGIDATE, MEMBER_OUT)
VALUES(44, '투머치필름토커 TMFT<영화모임>', 'hm000007', 'hs070003', 'area0006', 'hweelu0110@gmail.com', 8, 200, '026d032582a1a1876dd92acf86fa5401.jpg', '"영화 얘기 좋아하는 사람 여기 다 모여라!"<br/>
<br/>
아래 중 세가지 이상 해당된다면<br/>
망설이지 말고 가입하세요!<br/>
<br/>
1. 러닝타임 2시간의 영화를 혼자서 끝까지 볼 수 있다.<br/>
2. 좋아하는 영화 감독을 2명 이상 말할 수 있다.<br/>
3. 상업영화가 아닌 인디영화를 보면서도 재미를 느끼곤 한다.<br/>
4. 친구와 영화 얘기를 하면 말이 끝없이 많아진다!<br/>
5. (그럼에도 불구하고) 때에 따라선 말을 자제할 줄도 안다..!!<br/>', TIMESTAMP '2022-08-07 00:00:00.000000', 0);
INSERT INTO EZEN.ALTO_CLUB
(CLUB_CODE, TITLE, CATE_M, CATE_S, AREA_CODE, MANAGER, MEMBER_NUM, MEMBER_MAX, IMG, INTRO, REGIDATE, MEMBER_OUT)
VALUES(54, '매드무비 : 잉여들의 만남', 'hm000007', 'hs070003', 'area0025', 'hweelu0110@gmail.com', 2, 200, 'movie1.png', '같이 영화 볼 사람 구할 때
영화 추천, 감상 공유 해요~!!', TIMESTAMP '2022-09-13 21:45:36.000000', 0);
INSERT INTO EZEN.ALTO_CLUB
(CLUB_CODE, TITLE, CATE_M, CATE_S, AREA_CODE, MANAGER, MEMBER_NUM, MEMBER_MAX, IMG, INTRO, REGIDATE, MEMBER_OUT)
VALUES(55, '[단편,독립영화] 남산씨네클럽', 'hm000007', 'hs070000', 'area0008', 'hweelu0110@gmail.com', 2, 200, 'noImg', '도장깨기 모임.', TIMESTAMP '2022-09-13 22:00:36.000000', 0);
INSERT INTO EZEN.ALTO_CLUB
(CLUB_CODE, TITLE, CATE_M, CATE_S, AREA_CODE, MANAGER, MEMBER_NUM, MEMBER_MAX, IMG, INTRO, REGIDATE, MEMBER_OUT)
VALUES(35, '[UNIR] 같이해요 백패킹&여행', 'hm000008', 'hs080001', 'area0025', 'hweelu0110@gmail.com', 100, 200, '016e657c1510bad5899eabbcea0d4bb8.jpg', '국내 여행 베스트 모임, 테스트모임 소개글 입니다.', TIMESTAMP '2022-04-10 00:00:00.000000', 0);
INSERT INTO EZEN.ALTO_CLUB
(CLUB_CODE, TITLE, CATE_M, CATE_S, AREA_CODE, MANAGER, MEMBER_NUM, MEMBER_MAX, IMG, INTRO, REGIDATE, MEMBER_OUT)
VALUES(43, '라온제나 여행.카페.맛집', 'hm000008', 'hs080003', 'area0003', 'hweelu0110@gmail.com', 10, 200, '400fdb36a2a4d9c5ac4aa897ffae17b6.jpg', '카페, 맛집, 여행, 꽃구경, 고택, 바베큐, 전시회, 영화, 뮤지컬, 연극, 산책, 등산, 독서, 재테크<br/>
<br/>
환영합니다.
', TIMESTAMP '2022-08-01 00:00:00.000000', 0);
INSERT INTO EZEN.ALTO_CLUB
(CLUB_CODE, TITLE, CATE_M, CATE_S, AREA_CODE, MANAGER, MEMBER_NUM, MEMBER_MAX, IMG, INTRO, REGIDATE, MEMBER_OUT)
VALUES(42, '제빵봉사 모임 ''지빵그''', 'hm000009', 'hs090005', 'area0001', 'hweelu0110@gmail.com', 15, 200, '375xauto (11).webp', '재능기부 신규 모임, 테스트모임 소개글 입니다.', TIMESTAMP '2022-08-07 00:00:00.000000', 0);
INSERT INTO EZEN.ALTO_CLUB
(CLUB_CODE, TITLE, CATE_M, CATE_S, AREA_CODE, MANAGER, MEMBER_NUM, MEMBER_MAX, IMG, INTRO, REGIDATE, MEMBER_OUT)
VALUES(36, '[유비연] 유튜브 비즈니스 연구소', 'hm000010', 'hs100004', 'area0020', 'hweelu0110@gmail.com', 110, 200, '375xauto (13).webp', '영상제작 베스트 모임, 테스트모임 소개글 입니다.', TIMESTAMP '2022-04-01 00:00:00.000000', 0);
INSERT INTO EZEN.ALTO_CLUB
(CLUB_CODE, TITLE, CATE_M, CATE_S, AREA_CODE, MANAGER, MEMBER_NUM, MEMBER_MAX, IMG, INTRO, REGIDATE, MEMBER_OUT)
VALUES(58, '사진모임 포트레이트', 'hm000010', 'hs100000', 'area0005', 'hweelu0110@gmail.com', 3, 200, '375xauto (12).webp', '지나칠법한<br/>
소중한 순간을 담는 모임<br/>
<br/>
DSLR, 미러리스, 필카, 폰카<br/>
사진에 관심만 있다면 누구든 환영합니다.', TIMESTAMP '2022-09-13 23:47:37.000000', 0);
INSERT INTO EZEN.ALTO_CLUB
(CLUB_CODE, TITLE, CATE_M, CATE_S, AREA_CODE, MANAGER, MEMBER_NUM, MEMBER_MAX, IMG, INTRO, REGIDATE, MEMBER_OUT)
VALUES(57, 'A-Talk [을지로 영어회화]', 'hm000011', 'hs110000', 'area0005', 'hweelu0110@gmail.com', 2, 200, 'noImg', '스피킹 스터디 모임입니다', TIMESTAMP '2022-09-13 22:32:42.000000', 0);
INSERT INTO EZEN.ALTO_CLUB
(CLUB_CODE, TITLE, CATE_M, CATE_S, AREA_CODE, MANAGER, MEMBER_NUM, MEMBER_MAX, IMG, INTRO, REGIDATE, MEMBER_OUT)
VALUES(53, '냥덕후 고양이 모임', 'hm000013', 'hs130000', 'area0009', 'hweelu0110@gmail.com', 3, 200, 'c3e9ea947aecf30e679bb7e1f0195f4f.jpg', '안녕하세요 집사들의 모임입니다.', TIMESTAMP '2022-09-13 00:08:03.000000', 2);
INSERT INTO EZEN.ALTO_CLUB
(CLUB_CODE, TITLE, CATE_M, CATE_S, AREA_CODE, MANAGER, MEMBER_NUM, MEMBER_MAX, IMG, INTRO, REGIDATE, MEMBER_OUT)
VALUES(41, '냥집사 고양이모임', 'hm000013', 'hs130002', 'area0011', 'hweelu0110@gmail.com', 3, 200, 'f32bc8cf3805f07ecdde3b01853621f0.jpg', '애묘 신규 모임, 테스트모임 소개글 입니다.', TIMESTAMP '2022-08-07 00:00:00.000000', 0);
INSERT INTO EZEN.ALTO_CLUB
(CLUB_CODE, TITLE, CATE_M, CATE_S, AREA_CODE, MANAGER, MEMBER_NUM, MEMBER_MAX, IMG, INTRO, REGIDATE, MEMBER_OUT)
VALUES(40, '꽃길만걷개 반려견모임', 'hm000013', 'hs130001', 'area0006', 'hweelu0110@gmail.com', 5, 200, 'd7fd59251d892d311fc56bf686ef8380.jpg', '애견 신규 모임, 테스트모임 소개글 입니다.', TIMESTAMP '2022-08-07 00:00:00.000000', 0);

-- (v) -------------------------------------------------------------------

-- (v) 일정 insert  ----------------------------------------------------
INSERT INTO EZEN.ALTO_CLUB_SCHEDULE
(CLUB_CODE, SCHEDULE_CODE, MEM_ID, TITLE, SDATE, STIME, SPLACE, SPRICE, SNUM, MEM_CNT, REGIDATE)
VALUES(52, 3, 'hweelu0110@gmail.com', '오토캠핑 같이 가요', '2022-09-21', '09:12', '경기도 포천', '자유', 10, 1, TIMESTAMP '2022-09-17 04:08:00.000000');
INSERT INTO EZEN.ALTO_CLUB_SCHEDULE
(CLUB_CODE, SCHEDULE_CODE, MEM_ID, TITLE, SDATE, STIME, SPLACE, SPRICE, SNUM, MEM_CNT, REGIDATE)
VALUES(29, 1, 'hweelu0110@gmail.com', '첫 정모!', '2022-09-23', '13:57', '왕십리역', '식사비 15000원', 20, 1, TIMESTAMP '2022-09-16 01:57:57.000000');
INSERT INTO EZEN.ALTO_CLUB_SCHEDULE
(CLUB_CODE, SCHEDULE_CODE, MEM_ID, TITLE, SDATE, STIME, SPLACE, SPRICE, SNUM, MEM_CNT, REGIDATE)
VALUES(43, 6, 'hweelu0110@gmail.com', '강릉 1박2일 여행', '2022-09-23', '11:00', '강릉', '선회비 50,000', 11, 1, TIMESTAMP '2022-09-18 02:41:22.000000');
INSERT INTO EZEN.ALTO_CLUB_SCHEDULE
(CLUB_CODE, SCHEDULE_CODE, MEM_ID, TITLE, SDATE, STIME, SPLACE, SPRICE, SNUM, MEM_CNT, REGIDATE)
VALUES(44, 5, 'hweelu0110@gmail.com', '<타란티노 작품> 보고오기 벙', '2022-09-24', '14:00', '영화, 장소는 투표 후 확정!', '식사비 + 서버비1천원', 8, 1, TIMESTAMP '2022-09-18 02:34:56.000000');
INSERT INTO EZEN.ALTO_CLUB_SCHEDULE
(CLUB_CODE, SCHEDULE_CODE, MEM_ID, TITLE, SDATE, STIME, SPLACE, SPRICE, SNUM, MEM_CNT, REGIDATE)
VALUES(39, 2, 'hweelu0110@gmail.com', '아로마요가', '2022-09-24', '10:32', '서울숲', '30000', 5, 1, TIMESTAMP '2022-09-17 04:04:34.000000');
INSERT INTO EZEN.ALTO_CLUB_SCHEDULE
(CLUB_CODE, SCHEDULE_CODE, MEM_ID, TITLE, SDATE, STIME, SPLACE, SPRICE, SNUM, MEM_CNT, REGIDATE)
VALUES(37, 4, 'hweelu0110@gmail.com', 'SUNDAY 경복궁런', '2022-09-18', '07:00', '광화문역 2번 출구 앞', '1/N', 20, 1, TIMESTAMP '2022-09-18 02:10:39.000000');



---- 클래스 INSERT
INSERT INTO EZEN.ALTO_CLASS (CLASS_CODE,CLASSNAME,HOBBY_CODE,HOBBY_SUB_CODE,AREA_CODE,MANAGER,MEMBER_NUM,MEMBER_MAX,PRICE,IMGNAME,INTRO,REGIDATE,STARTDATE,ENDDATE,CURRICULUM,TEACHERINFO) VALUES ('000240  ','사진 입문자를 위한 쉽게 배우는 라이트룸','hm000010','hs100001','area0003','ejim0093@gmail.com',0,50,46900,'images.jpg','이런 분들을 위한 클래스예요

카메라는 샀는데 도무지 활용법을 모르겠다는 분<br>
라이트룸으로 예쁜 색감을 만들어보고 싶어하시는 분<br>
나도 여행가서 인생사진 찍고 싶다, 하시는 분<br>
아무리봐도 나는 감각이 없나봐, 좌절하고 계신 분<br>',TIMESTAMP'2022-09-17 13:06:20.0',TIMESTAMP'2022-09-30 00:00:00.0',TIMESTAMP'2022-10-29 00:00:00.0','클래스를 신청하신 분들이 배우고 있는 커리큘럼입니다.<br>콘텐츠는 배우기 쉽게 영상, 수업노트, 첨부파일로 구성되어있습니다.<br><br>','안녕하세요 여러분, 사진 쉽게 알려주는 사진가 마젝이라고 해요
<br><br>
저는 2013년부터 현재까지 쭈욱 오프라인으로 사진 강의를 하고 있어요!');
INSERT INTO EZEN.ALTO_CLASS (CLASS_CODE,CLASSNAME,HOBBY_CODE,HOBBY_SUB_CODE,AREA_CODE,MANAGER,MEMBER_NUM,MEMBER_MAX,PRICE,IMGNAME,INTRO,REGIDATE,STARTDATE,ENDDATE,CURRICULUM,TEACHERINFO) VALUES ('000342  ','초보 견주를 위한 반려견 교육','hm000013','hs130001','area0008','lc930903@gmail.com',0,23,45800,'62f9a36ea3cea.jpg','반려견과 함께하며<br>반려견의 생각이 궁금하지 않으셨나요?<br><br><br>다른 강아지들은 안 그런 것 같은데 왜 우리 강아지만 말썽쟁이일까? 고민해본 적 있으신 분들을 위해 준비했습니다.<br>반려견과의 올바른 관계와 습관을 형성할 수 있는 커리큘럼으로 함께 따라와주세요!',TIMESTAMP'2022-09-18 13:31:34.0',TIMESTAMP'2022-09-19 00:00:00.0',TIMESTAMP'2022-09-23 00:00:00.0','낯설어도 잘 적응할 수 있어요, 반려견의 사회화 교육<br><br>
1
사회화 교육의 정의와 다양한 경험하기<br><br>
2
낯선 반려견, 낯선 사람과 친해지기<br><br>
3
반려견 동반시설에 갔을 때의 생길 수 있는 일들에 대한 대처<br><br>
4
두 번째 보호자 만들어 주기','반려견 미용과 교육에 몸 담은지 9년의 시간이 흘렀습니다.<br><br>

반려견들의 문제 행동들을 어떻게 하면 보호자들이 쉽게 교육할 수 있을지, 반려견들의 스트레스를 최소화 할 수 있을지 고민하며 "반려견 놀이 학습"을 먼저 찾아내어 진행해 왔습니다.<br><br>

하지만 반려견들은 보호자가 해주는 교육만큼 좋은 교육은 없다고 생각하고 보호자가 가장 쉽게 할 수 있는 반려견과의 관계 개선에 집중을 한 클래스를 만들게 되었습니다.
<br><br>');
INSERT INTO EZEN.ALTO_CLASS (CLASS_CODE,CLASSNAME,HOBBY_CODE,HOBBY_SUB_CODE,AREA_CODE,MANAGER,MEMBER_NUM,MEMBER_MAX,PRICE,IMGNAME,INTRO,REGIDATE,STARTDATE,ENDDATE,CURRICULUM,TEACHERINFO) VALUES ('000321  ','빵같이 폭신폭신한 이색 떡디저트','hm000004','hs040002','area0005','lc930903@gmail.com',0,20,63500,'1.jpg','원리만 알면 ''집''에서 내 손으로 직접 ''밥 짓는것 보다 쉽게'' 만들 수 있어요~<br><br>
특수한 도구가 없어도, 집에 있는 간단한 조리 도구만으로도 가능한 게 홈베이킹과는 또 다른 ''홈스티밍''의 매력입니다 :)<br><br>
코로나 팬데믹 이전에 고급 호텔라운지 혹은 유명 카페에서<br>
이런 6종 디저트와 음료가 포함된 애프터눈티세트는 기본 2인기준 최소 4~5만원에서 10만원선 정도에 즐길 수 있었습니다.<br>
<br>
그런데, 고작 두세번 사먹을 돈으로 평~생 우리집을 ''애프터눈떡세트 맛집''으로 만들 수 있다면?!',TIMESTAMP'2022-09-18 13:22:59.0',TIMESTAMP'2022-09-25 00:00:00.0',TIMESTAMP'2022-10-21 00:00:00.0','수업에서는 포마이숑이 발견한 ''퐁신한 떡''의 비법뿐 아니라 식빵 대용으로 다양하게 활용 가능한 토스트설기 만드는 법, 그리고 초코, 말차 등 베이킹에서도 검증된 궁합 좋은 부재료들을 활용해서 설기디저트 만드는 법을 배울 거예요.<br><br>

설기와도 잘 어울리는 크림을 만들고, 특히 여러가지 모양의 떡틀을 올바른 방법으로 사용하여 예쁘고 맛있게 떡디저트를 완성하는 법을 터득할 수 있습니다.','포마이숑(For my SYONG)은 제 아이의 이름을 따서 지은 이름인 만큼 ‘내 아이를 위한 마음으로’라는 슬로건으로 정직한 마음으로 정성껏 떡디저트를 만들어내고 있습니다.');
INSERT INTO EZEN.ALTO_CLASS (CLASS_CODE,CLASSNAME,HOBBY_CODE,HOBBY_SUB_CODE,AREA_CODE,MANAGER,MEMBER_NUM,MEMBER_MAX,PRICE,IMGNAME,INTRO,REGIDATE,STARTDATE,ENDDATE,CURRICULUM,TEACHERINFO) VALUES ('000323  ','초급자 영어 고민 해결! 평생의 회화를 책임질 스피킹 시드','hm000011','hs110005','area0007','lc930903@gmail.com',0,100,31800,'4.jpg','"눈덩이를 일단 한번 뭉치면, 그것을 굴려 크게 만드는 것은 어렵지 않습니다."<br><br>

우리가 적지 않은 돈을 주고 해외로 어학연수를 가는 것도 사실 이 눈덩이, 바로 ‘시드’를 만들기 위해서입니다. <br>1~2년의 시간 동안 우리가 원어민처럼 말할 수 없다는 것은 누구나 알고 있는 사실이죠. <br>하지만 일단, 이 ‘시드’를 만들어서 돌아오면 한국에서도 충분히 실력을 확장해 나갈 수 있습니다.

',TIMESTAMP'2022-09-18 13:26:54.0',TIMESTAMP'2022-09-04 00:00:00.0',TIMESTAMP'2022-09-30 00:00:00.0','클래스를 신청하신 분들이 배우고 있는 커리큘럼입니다. 콘텐츠는 배우기 쉽게 영상, 수업노트, 첨부파일로 구성되어있습니다.<br><br>
Pre-Chapter(Pre-Course)본격적인 클래스에 들어가기 앞서, 쉬운 영어로 ''부스팅'' 하기<br>
클래스 시작 전 - PRE-Course Book 과제 안내
2 -  *필독* 스피킹 시드 클래스 교재 및 자료 다운로드 하기 및 효율 100% 이용법','제가 주로 가르친 학생들은 서울에 살고 원래 영어를 잘하는 학생들이 아닌,<br>

학원 인프라가 다소 부족한 곳에 있으며 토익은 신발사이즈에 가까운, 영어로 한마디 하려고 하면 숨이 막혀하는 학생들과 지난 시간들을 보냈습니다.<br><br>

그런 학생들이 저에게 영어를 배워 조금이나마 선택의 폭이 넓은 인생을 마주하는 것을 볼 때 가장 큰 보람과 기쁨을 느낍니다.<br>

클래스 101을 통해 더 많은 학생들과 이 기쁨을 함께하고 싶습니다.<br>');
INSERT INTO EZEN.ALTO_CLASS (CLASS_CODE,CLASSNAME,HOBBY_CODE,HOBBY_SUB_CODE,AREA_CODE,MANAGER,MEMBER_NUM,MEMBER_MAX,PRICE,IMGNAME,INTRO,REGIDATE,STARTDATE,ENDDATE,CURRICULUM,TEACHERINFO) VALUES ('000201  ','단숨에 이해되는 골프 레슨','hm000002','hs020009','area0002','ejim0093@gmail.com',0,100,2500000,'55353_57760_339.jpg','누구는 골프 시작 한 지 1년 만에 싱글도 친다고 하던데.. 나는 왜 이럴까?<br><br>

골프는 매우 민감한 스포츠입니다.작은 변화에도 큰 결과의 차이가 나타납니다. 그래서 혼자 무작정 연습량을 늘린다고 결코 실력이 늘지 않습니다.<br> 스윙에 대한 정확한 이해와 자신의 신체 구조에 맞는 스윙을 찾아야만 골프 실력이 올라갑니다.',TIMESTAMP'2022-09-16 22:38:34.0',TIMESTAMP'2022-09-16 00:00:00.0',TIMESTAMP'2022-09-30 00:00:00.0','선공개 - 수강 전 나의 골프 실력을 점검해요<br><br>
1강 - 스윙의 시작<br><br>
2강 - 스윙의 기초 : 하프스윙<br><br>
3강 - 스윙의 근본 : 백스윙과 다운스윙<br><br>
4강 - 비거리의 핵심 : 체중이동<br><br>
5강 - 스윙의 완성 : 팔로스루와 피니쉬','그동안 주니어 선수 시절부터 시작해서 투어 프로와 레슨을 함께 하면서 골프를 시작하신 분들의 많은 고민을 너무나 잘 알고 있습니다.<br><br>
저를 통해서 여러분들이 골프를 쉽고 재밌게 즐기실 수 있도록 항상 노력하겠습니다.');
INSERT INTO EZEN.ALTO_CLASS (CLASS_CODE,CLASSNAME,HOBBY_CODE,HOBBY_SUB_CODE,AREA_CODE,MANAGER,MEMBER_NUM,MEMBER_MAX,PRICE,IMGNAME,INTRO,REGIDATE,STARTDATE,ENDDATE,CURRICULUM,TEACHERINFO) VALUES ('000183  ','터프팅 소품 제작법','hm000001','hs010004','area0001','ejim0093@gmail.com',0,25,72500,'Screenshot 2022-09-15 at 00.56.14.JPG','안녕하세요, <br>터프팅 작업 기법을 이용해 러그를 비롯해 다양한 실생활 소품을 만들고 있습니다.<br> 터프팅이라는 말이 생소한 분들도 있을 거예요.<br> 터프팅건이라는 총 모양의 기계를 이용해 원단에 실을 쏘아 모양을 만들어 내는 작업입니다.',TIMESTAMP'2022-09-16 22:40:20.0',TIMESTAMP'2022-09-01 00:00:00.0',TIMESTAMP'2022-09-30 00:00:00.0','1주차. 기초 익히기<br> 2주차. 코스터 만들기<br>3주차. 미니러그 만들기<br>4주차. 쿠션커버 만들기<br>','안녕하세요<br><br>초보분들도 쉽게 배울수 있도록 3년동안 강의를 하고 있습니다.<br>');
INSERT INTO EZEN.ALTO_CLASS (CLASS_CODE,CLASSNAME,HOBBY_CODE,HOBBY_SUB_CODE,AREA_CODE,MANAGER,MEMBER_NUM,MEMBER_MAX,PRICE,IMGNAME,INTRO,REGIDATE,STARTDATE,ENDDATE,CURRICULUM,TEACHERINFO) VALUES ('000300  ','누구나 손쉽게 따라 하는 재즈피아노 입문 클래스','hm000006','hs060004','area0012','lc930903@gmail.com',0,100,46440,'5529_5655_56.jpg','학교 음악시간 내내 강 약 중강 약을 배우면서 살아온 우리들에게 재즈의 리듬은 너무나도 생소하고 또 어렵게만 느껴질 수밖에 없어요. 너무나도 낯설고 복잡해 보이거든요. 하지만 바로 그것이 또 재즈의 매력! 리듬과 연주가 함께하는 이 클래스가 마무리될 즈음이면 여러분들도 분명 재즈의 경쾌한 리듬에 푹 빠지게 될 거예요.',TIMESTAMP'2022-09-17 15:59:14.0',TIMESTAMP'2022-10-01 00:00:00.0',TIMESTAMP'2022-10-08 00:00:00.0','도미솔로 이루어진 아주 기본적인 코드부터, 본격적으로 긴장감을 더해주는 소리인 ''텐션(Tension)'', 고유의 색채를 가진 ''모드(Mode)'', 재즈 화성의 끝판왕이자 꽃이라고 할 수 있는 ''어퍼 스트럭처 트라이어드(Upper Structure Triad)''까지! 재즈에서 필요한 화성 전반에 대해서 소개할 거예요.','안녕하세요! 작가이자 뮤직 크리에이터로 활동하고 있는 박터틀입니다. 저는 현재 약 10만 명의 구독자분들과 함께하는 ''박터틀의 음악 노트'' 채널을 운영하고 있고, ''작곡 독학 가이드북'', ''재즈피아노 독학 가이드북''이라는 두 권의 책을 쓰기도 했어요. 지금도 라이브 스트리밍과 다양한 커버, 강좌 활동을 통해 다양한 이야기를 하고 있습니다.');


---- 클래스 이미지 INSERT
INSERT INTO EZEN.ALTO_CLASS_IMAGE (IMAGEFILENO,IMAGEFILENAME,REGDATE,CLASS_CODE) VALUES (17,'5529_5655_56.jpg',TIMESTAMP'2022-09-17 15:59:14.0','000300  ');
INSERT INTO EZEN.ALTO_CLASS_IMAGE (IMAGEFILENO,IMAGEFILENAME,REGDATE,CLASS_CODE) VALUES (18,'images (1).jpg',TIMESTAMP'2022-09-17 15:59:14.0','000300  ');
INSERT INTO EZEN.ALTO_CLASS_IMAGE (IMAGEFILENO,IMAGEFILENAME,REGDATE,CLASS_CODE) VALUES (19,'SSI_20210131145832.jpg',TIMESTAMP'2022-09-17 15:59:14.0','000300  ');
INSERT INTO EZEN.ALTO_CLASS_IMAGE (IMAGEFILENO,IMAGEFILENAME,REGDATE,CLASS_CODE) VALUES (20,'original.jpg',TIMESTAMP'2022-09-17 15:59:14.0','000300  ');
INSERT INTO EZEN.ALTO_CLASS_IMAGE (IMAGEFILENO,IMAGEFILENAME,REGDATE,CLASS_CODE) VALUES (21,'1.jpg',TIMESTAMP'2022-09-18 13:22:59.0','000321  ');
INSERT INTO EZEN.ALTO_CLASS_IMAGE (IMAGEFILENO,IMAGEFILENAME,REGDATE,CLASS_CODE) VALUES (22,'2.jpg',TIMESTAMP'2022-09-18 13:22:59.0','000321  ');
INSERT INTO EZEN.ALTO_CLASS_IMAGE (IMAGEFILENO,IMAGEFILENAME,REGDATE,CLASS_CODE) VALUES (23,'3.jpg',TIMESTAMP'2022-09-18 13:22:59.0','000321  ');
INSERT INTO EZEN.ALTO_CLASS_IMAGE (IMAGEFILENO,IMAGEFILENAME,REGDATE,CLASS_CODE) VALUES (24,'4.jpg',TIMESTAMP'2022-09-18 13:22:59.0','000321  ');
INSERT INTO EZEN.ALTO_CLASS_IMAGE (IMAGEFILENO,IMAGEFILENAME,REGDATE,CLASS_CODE) VALUES (25,'4.jpg',TIMESTAMP'2022-09-18 13:26:54.0','000323  ');
INSERT INTO EZEN.ALTO_CLASS_IMAGE (IMAGEFILENO,IMAGEFILENAME,REGDATE,CLASS_CODE) VALUES (26,'2.jpg',TIMESTAMP'2022-09-18 13:26:54.0','000323  ');
INSERT INTO EZEN.ALTO_CLASS_IMAGE (IMAGEFILENO,IMAGEFILENAME,REGDATE,CLASS_CODE) VALUES (27,'3.jpg',TIMESTAMP'2022-09-18 13:26:54.0','000323  ');
INSERT INTO EZEN.ALTO_CLASS_IMAGE (IMAGEFILENO,IMAGEFILENAME,REGDATE,CLASS_CODE) VALUES (28,'img_depa7.png',TIMESTAMP'2022-09-18 13:26:54.0','000323  ');
INSERT INTO EZEN.ALTO_CLASS_IMAGE (IMAGEFILENO,IMAGEFILENAME,REGDATE,CLASS_CODE) VALUES (29,'62f9a36ea3cea.jpg',TIMESTAMP'2022-09-18 13:31:34.0','000342  ');
INSERT INTO EZEN.ALTO_CLASS_IMAGE (IMAGEFILENO,IMAGEFILENAME,REGDATE,CLASS_CODE) VALUES (30,'corgi-g1a1774f95_1280-1024x682.jpg',TIMESTAMP'2022-09-18 13:31:34.0','000342  ');
INSERT INTO EZEN.ALTO_CLASS_IMAGE (IMAGEFILENO,IMAGEFILENAME,REGDATE,CLASS_CODE) VALUES (31,'111500268.2.jpg',TIMESTAMP'2022-09-18 13:31:34.0','000342  ');
INSERT INTO EZEN.ALTO_CLASS_IMAGE (IMAGEFILENO,IMAGEFILENAME,REGDATE,CLASS_CODE) VALUES (32,'Golde33443.jpg',TIMESTAMP'2022-09-18 13:31:34.0','000342  ');
INSERT INTO EZEN.ALTO_CLASS_IMAGE (IMAGEFILENO,IMAGEFILENAME,REGDATE,CLASS_CODE) VALUES (1,'55353_57760_339.jpg',TIMESTAMP'2022-09-16 22:38:35.0','000201  ');
INSERT INTO EZEN.ALTO_CLASS_IMAGE (IMAGEFILENO,IMAGEFILENAME,REGDATE,CLASS_CODE) VALUES (2,'210916 골프1.png',TIMESTAMP'2022-09-16 22:38:35.0','000201  ');
INSERT INTO EZEN.ALTO_CLASS_IMAGE (IMAGEFILENO,IMAGEFILENAME,REGDATE,CLASS_CODE) VALUES (3,'Golfer_swing.jpg',TIMESTAMP'2022-09-16 22:38:35.0','000201  ');
INSERT INTO EZEN.ALTO_CLASS_IMAGE (IMAGEFILENO,IMAGEFILENAME,REGDATE,CLASS_CODE) VALUES (4,'Screenshot 2022-09-15 at 14.27.28.JPG',TIMESTAMP'2022-09-16 22:38:35.0','000201  ');
INSERT INTO EZEN.ALTO_CLASS_IMAGE (IMAGEFILENO,IMAGEFILENAME,REGDATE,CLASS_CODE) VALUES (5,'Screenshot 2022-09-15 at 00.56.14.JPG',TIMESTAMP'2022-09-16 22:40:20.0','000183  ');
INSERT INTO EZEN.ALTO_CLASS_IMAGE (IMAGEFILENO,IMAGEFILENAME,REGDATE,CLASS_CODE) VALUES (6,'Screenshot 2022-09-15 at 00.56.06.JPG',TIMESTAMP'2022-09-16 22:40:20.0','000183  ');
INSERT INTO EZEN.ALTO_CLASS_IMAGE (IMAGEFILENO,IMAGEFILENAME,REGDATE,CLASS_CODE) VALUES (7,'Screenshot 2022-09-15 at 00.56.01.JPG',TIMESTAMP'2022-09-16 22:40:20.0','000183  ');
INSERT INTO EZEN.ALTO_CLASS_IMAGE (IMAGEFILENO,IMAGEFILENAME,REGDATE,CLASS_CODE) VALUES (8,'Screenshot 2022-09-15 at 00.55.55.JPG',TIMESTAMP'2022-09-16 22:40:20.0','000183  ');


--- 아이템 INSERT
INSERT INTO EZEN.ALTO_ITEM (ITEM_CODE,HOBBY_CODE,HOBBY_SUB_CODE,ITEM_NAME,PRICE,REGIDATE,IMGNAME,INTRO,ITEM_COUNT,QUANTITY,MANAGER) VALUES ('000200  ','hm000012','hs120009','오토바이 오픈페이스 사계절 고글 헬멧 ADL005',29800,TIMESTAMP'2022-09-15 16:47:53.0','Screenshot 2022-09-15 at 16.46.26.JPG','방풍, 자외선 차단 렌즈, 탈부착형 고글 디자인 <br>앞뒤로 통풍구가 있어 내부 공기 순환',1,1000,'ejim0093@gmail.com');
INSERT INTO EZEN.ALTO_ITEM (ITEM_CODE,HOBBY_CODE,HOBBY_SUB_CODE,ITEM_NAME,PRICE,REGIDATE,IMGNAME,INTRO,ITEM_COUNT,QUANTITY,MANAGER) VALUES ('000280  ','hm000001','hs010004','DIY 다이아 쿠션 (45x45) 키트',123730,TIMESTAMP'2022-09-18 13:34:12.0','Screenshot 2022-09-18 at 13.33.21.JPG','DIY 다이아 쿠션 (45x45) 키트 마크라메 재료 /쿠션만들기 / 뜨개질쿠션 / 마크라메 / 뜨개쿠션 / 마크라메드림캐쳐',0,5000,'lc930903@gmail.com');
INSERT INTO EZEN.ALTO_ITEM (ITEM_CODE,HOBBY_CODE,HOBBY_SUB_CODE,ITEM_NAME,PRICE,REGIDATE,IMGNAME,INTRO,ITEM_COUNT,QUANTITY,MANAGER) VALUES ('000260  ','hm000001','hs010003','크로스 만년필 카트리지 8921(블랙)',9310,TIMESTAMP'2022-09-17 16:01:37.0','3261513_1.jpg','쉐퍼 잉크 카트리지 리필용',0,999,'lc930903@gmail.com');
INSERT INTO EZEN.ALTO_ITEM (ITEM_CODE,HOBBY_CODE,HOBBY_SUB_CODE,ITEM_NAME,PRICE,REGIDATE,IMGNAME,INTRO,ITEM_COUNT,QUANTITY,MANAGER) VALUES ('000281  ','hm000011','hs110005','바로 쓰는 영어 : 원어민의 일상 표현',16200,TIMESTAMP'2022-09-18 13:36:38.0','Screenshot 2022-09-18 at 13.35.44.JPG','상품상태	새상품<br>
부가세 면세여부	면세상품<br>
영수증발행	발행가능 - 신용카드 전표, 온라인 현금영수증<br>',0,150,'lc930903@gmail.com');
INSERT INTO EZEN.ALTO_ITEM (ITEM_CODE,HOBBY_CODE,HOBBY_SUB_CODE,ITEM_NAME,PRICE,REGIDATE,IMGNAME,INTRO,ITEM_COUNT,QUANTITY,MANAGER) VALUES ('000180  ','hm000006','hs060002','리벨리 입문용 통기타 초보용',121330,TIMESTAMP'2022-09-15 14:17:09.0','Screenshot 2022-09-15 at 14.15.42.JPG','품명 및 모델명 : 품명:통기타 / 모델명:통기타<br>
허가 관련 : 법에 의한 인증·허가 등을 받았음을 확인할 수 있는 경우 그에 대한 사항 : 해당없음<br>
제조국 또는 원산지 : 제조국 또는 원산지:중국<br>
제조자/수입자 : 제조자:Yiwu Better Culture Co., Ltd. / ㈜Tree / 수입자:(주)트리<br>',4,1000,'ejim0093@gmail.com');
INSERT INTO EZEN.ALTO_ITEM (ITEM_CODE,HOBBY_CODE,HOBBY_SUB_CODE,ITEM_NAME,PRICE,REGIDATE,IMGNAME,INTRO,ITEM_COUNT,QUANTITY,MANAGER) VALUES ('000181  ','hm000008','hs080001','섬 속의 섬탐방 가파도, 우도 패키지',228000,TIMESTAMP'2022-09-15 14:20:55.0','Screenshot 2022-09-15 at 14.20.07.JPG','2박 3일 버스 투어 제주여행<br><br>가파도+우도 섬투어<br>(성수기 연휴 제외)',3,30,'ejim0093@gmail.com');
INSERT INTO EZEN.ALTO_ITEM (ITEM_CODE,HOBBY_CODE,HOBBY_SUB_CODE,ITEM_NAME,PRICE,REGIDATE,IMGNAME,INTRO,ITEM_COUNT,QUANTITY,MANAGER) VALUES ('000161  ','hm000002','hs020002','바론 요가매트',14900,TIMESTAMP'2022-09-15 01:10:04.0','Screenshot 2022-09-15 at 01.08.03.JPG','피부에 자극이 적고 내구성이 좋으며,<br>쿠션감과 충격 흡수가 뛰어나며 미끄럼을 방지해줍니다.',5,192,'ejim0093@gmail.com');


--- 취미용품 이미지 INSERT
INSERT INTO EZEN.ALTO_ITEM_IMAGE (IMAGEFILENO,IMAGEFILENAME,REGDATE,ITEM_CODE) VALUES (13,'Screenshot 2022-09-15 at 16.46.26.JPG',TIMESTAMP'2022-09-15 16:47:53.0','000200  ');
INSERT INTO EZEN.ALTO_ITEM_IMAGE (IMAGEFILENO,IMAGEFILENAME,REGDATE,ITEM_CODE) VALUES (14,'Screenshot 2022-09-15 at 16.46.32.JPG',TIMESTAMP'2022-09-15 16:47:53.0','000200  ');
INSERT INTO EZEN.ALTO_ITEM_IMAGE (IMAGEFILENO,IMAGEFILENAME,REGDATE,ITEM_CODE) VALUES (15,'Screenshot 2022-09-15 at 16.46.38.JPG',TIMESTAMP'2022-09-15 16:47:53.0','000200  ');
INSERT INTO EZEN.ALTO_ITEM_IMAGE (IMAGEFILENO,IMAGEFILENAME,REGDATE,ITEM_CODE) VALUES (16,'Screenshot 2022-09-15 at 16.46.45.JPG',TIMESTAMP'2022-09-15 16:47:53.0','000200  ');
INSERT INTO EZEN.ALTO_ITEM_IMAGE (IMAGEFILENO,IMAGEFILENAME,REGDATE,ITEM_CODE) VALUES (17,'3261513_1.jpg',TIMESTAMP'2022-09-17 16:01:37.0','000260  ');
INSERT INTO EZEN.ALTO_ITEM_IMAGE (IMAGEFILENO,IMAGEFILENAME,REGDATE,ITEM_CODE) VALUES (18,'5979879.jpg',TIMESTAMP'2022-09-17 16:01:37.0','000260  ');
INSERT INTO EZEN.ALTO_ITEM_IMAGE (IMAGEFILENO,IMAGEFILENAME,REGDATE,ITEM_CODE) VALUES (19,'XL.jpg',TIMESTAMP'2022-09-17 16:01:37.0','000260  ');
INSERT INTO EZEN.ALTO_ITEM_IMAGE (IMAGEFILENO,IMAGEFILENAME,REGDATE,ITEM_CODE) VALUES (20,'5979878.jpg',TIMESTAMP'2022-09-17 16:01:37.0','000260  ');
INSERT INTO EZEN.ALTO_ITEM_IMAGE (IMAGEFILENO,IMAGEFILENAME,REGDATE,ITEM_CODE) VALUES (22,'Screenshot 2022-09-18 at 13.33.27.JPG',TIMESTAMP'2022-09-18 13:34:12.0','000280  ');
INSERT INTO EZEN.ALTO_ITEM_IMAGE (IMAGEFILENO,IMAGEFILENAME,REGDATE,ITEM_CODE) VALUES (23,'Screenshot 2022-09-18 at 13.33.37.JPG',TIMESTAMP'2022-09-18 13:34:12.0','000280  ');
INSERT INTO EZEN.ALTO_ITEM_IMAGE (IMAGEFILENO,IMAGEFILENAME,REGDATE,ITEM_CODE) VALUES (24,'Screenshot 2022-09-18 at 13.33.32.JPG',TIMESTAMP'2022-09-18 13:34:12.0','000280  ');
INSERT INTO EZEN.ALTO_ITEM_IMAGE (IMAGEFILENO,IMAGEFILENAME,REGDATE,ITEM_CODE) VALUES (25,'Screenshot 2022-09-18 at 13.35.44.JPG',TIMESTAMP'2022-09-18 13:36:38.0','000281  ');
INSERT INTO EZEN.ALTO_ITEM_IMAGE (IMAGEFILENO,IMAGEFILENAME,REGDATE,ITEM_CODE) VALUES (21,'Screenshot 2022-09-18 at 13.33.21.JPG',TIMESTAMP'2022-09-18 13:34:12.0','000280  ');
INSERT INTO EZEN.ALTO_ITEM_IMAGE (IMAGEFILENO,IMAGEFILENAME,REGDATE,ITEM_CODE) VALUES (26,'Screenshot 2022-09-18 at 13.35.59.JPG',TIMESTAMP'2022-09-18 13:36:38.0','000281  ');
INSERT INTO EZEN.ALTO_ITEM_IMAGE (IMAGEFILENO,IMAGEFILENAME,REGDATE,ITEM_CODE) VALUES (27,'Screenshot 2022-09-18 at 13.36.10.JPG',TIMESTAMP'2022-09-18 13:36:38.0','000281  ');
INSERT INTO EZEN.ALTO_ITEM_IMAGE (IMAGEFILENO,IMAGEFILENAME,REGDATE,ITEM_CODE) VALUES (28,'Screenshot 2022-09-18 at 13.36.22.JPG',TIMESTAMP'2022-09-18 13:36:38.0','000281  ');
INSERT INTO EZEN.ALTO_ITEM_IMAGE (IMAGEFILENO,IMAGEFILENAME,REGDATE,ITEM_CODE) VALUES (5,'Screenshot 2022-09-15 at 14.15.42.JPG',TIMESTAMP'2022-09-15 14:17:09.0','000180  ');
INSERT INTO EZEN.ALTO_ITEM_IMAGE (IMAGEFILENO,IMAGEFILENAME,REGDATE,ITEM_CODE) VALUES (6,'Screenshot 2022-09-15 at 14.15.47.JPG',TIMESTAMP'2022-09-15 14:17:09.0','000180  ');
INSERT INTO EZEN.ALTO_ITEM_IMAGE (IMAGEFILENO,IMAGEFILENAME,REGDATE,ITEM_CODE) VALUES (7,'Screenshot 2022-09-15 at 14.15.53.JPG',TIMESTAMP'2022-09-15 14:17:09.0','000180  ');
INSERT INTO EZEN.ALTO_ITEM_IMAGE (IMAGEFILENO,IMAGEFILENAME,REGDATE,ITEM_CODE) VALUES (8,'Screenshot 2022-09-15 at 14.15.59.JPG',TIMESTAMP'2022-09-15 14:17:09.0','000180  ');
INSERT INTO EZEN.ALTO_ITEM_IMAGE (IMAGEFILENO,IMAGEFILENAME,REGDATE,ITEM_CODE) VALUES (9,'Screenshot 2022-09-15 at 14.20.07.JPG',TIMESTAMP'2022-09-15 14:20:55.0','000181  ');
INSERT INTO EZEN.ALTO_ITEM_IMAGE (IMAGEFILENO,IMAGEFILENAME,REGDATE,ITEM_CODE) VALUES (10,'Screenshot 2022-09-15 at 14.20.41.JPG',TIMESTAMP'2022-09-15 14:20:55.0','000181  ');
INSERT INTO EZEN.ALTO_ITEM_IMAGE (IMAGEFILENO,IMAGEFILENAME,REGDATE,ITEM_CODE) VALUES (11,'Screenshot 2022-09-15 at 14.20.20.JPG',TIMESTAMP'2022-09-15 14:20:55.0','000181  ');
INSERT INTO EZEN.ALTO_ITEM_IMAGE (IMAGEFILENO,IMAGEFILENAME,REGDATE,ITEM_CODE) VALUES (12,'Screenshot 2022-09-15 at 14.20.30.JPG',TIMESTAMP'2022-09-15 14:20:55.0','000181  ');
INSERT INTO EZEN.ALTO_ITEM_IMAGE (IMAGEFILENO,IMAGEFILENAME,REGDATE,ITEM_CODE) VALUES (1,'Screenshot 2022-09-15 at 01.08.03.JPG',TIMESTAMP'2022-09-15 01:10:04.0','000161  ');
INSERT INTO EZEN.ALTO_ITEM_IMAGE (IMAGEFILENO,IMAGEFILENAME,REGDATE,ITEM_CODE) VALUES (2,'Screenshot 2022-09-15 at 01.08.11.JPG',TIMESTAMP'2022-09-15 01:10:04.0','000161  ');
INSERT INTO EZEN.ALTO_ITEM_IMAGE (IMAGEFILENO,IMAGEFILENAME,REGDATE,ITEM_CODE) VALUES (3,'Screenshot 2022-09-15 at 01.08.20.JPG',TIMESTAMP'2022-09-15 01:10:04.0','000161  ');
INSERT INTO EZEN.ALTO_ITEM_IMAGE (IMAGEFILENO,IMAGEFILENAME,REGDATE,ITEM_CODE) VALUES (4,'Screenshot 2022-09-15 at 01.09.43.JPG',TIMESTAMP'2022-09-15 01:10:04.0','000161  ');
